Id,Label,timeset,degree,weighted degree,Eccentricity,closnesscentrality,harmonicclosnesscentrality,betweenesscentrality,Authority,Hub,modularity_class,componentnumber,eigencentrality,clustering,triangles
178948,178948,,485,4309393,2,0.904841,0.947417,24.5366,0.04704,0.04704,21,0,0.975895,0.933365,109549
166401,166401,,19,95,3,0.500462,0.511993,1.077184,0.000811,0.000811,18,0,0.017095,0.923977,158
204460,204460,,436,3020430,2,0.83642,0.902214,10.215534,0.042859,0.042859,22,0,0.888945,0.96634,91638
160599,160599,,488,4277499,2,0.909396,0.950185,26.144354,0.047256,0.047256,21,0,0.98038,0.930269,110542
204553,204553,,482,962826,2,0.900332,0.944649,47.077949,0.046,0.046,3,0,0.954529,0.904331,104831
178861,178861,,463,2478805,2,0.872786,0.927122,27.619343,0.044869,0.044869,21,0,0.930851,0.934261,99922
139285,139285,,434,3010453,3,0.832565,0.900062,27.152606,0.041983,0.041983,3,0,0.871115,0.933717,87733
74585,74585,,476,3774164,2,0.891447,0.939114,32.847163,0.04594,0.04594,21,0,0.953137,0.925263,104601
204463,204463,,491,3669281,2,0.913997,0.952952,38.810397,0.04713,0.04713,21,0,0.9779,0.914319,109988
152605,152605,,424,2241437,2,0.821212,0.891144,32.822951,0.040663,0.040663,3,0,0.843931,0.924841,82936
74784,74784,,130,1063,3,0.555897,0.613469,2.291831,0.011357,0.011357,3,0,0.236115,0.965414,8095
73761,73761,,0,0,0,0,0,0,0,0,0,1,0,0,0
115746,115746,,500,3715226,2,0.928082,0.961255,52.242541,0.047648,0.047648,21,0,0.98873,0.90117,112421
205863,205863,,441,3185917,2,0.842924,0.906827,10.412133,0.043351,0.043351,22,0,0.899142,0.965523,93675
205865,205865,,396,1043892,2,0.787791,0.865314,5.625565,0.039056,0.039056,22,0,0.810014,0.978046,76493
204554,204554,,503,6556993,2,0.932874,0.964022,45.36603,0.048053,0.048053,21,0,0.997084,0.905285,114295
73772,73772,,425,1749605,2,0.822458,0.892066,7.091412,0.041911,0.041911,22,0,0.869231,0.974428,87796
204466,204466,,473,2750380,2,0.88707,0.936347,31.798934,0.045684,0.045684,3,0,0.947815,0.926864,103464
160534,160534,,492,5774530,2,0.915541,0.953875,28.38534,0.047545,0.047545,21,0,0.986397,0.926308,111885
74419,74419,,67,223,3,0.521655,0.555043,0.005848,0.005829,0.005829,3,0,0.121213,0.999548,2210
73788,73788,,208,249,2,0.618721,0.691882,1093.510527,0.019061,0.019061,3,0,0.395857,0.879506,18934
141373,141373,,0,0,0,0,0,0,0,0,1,2,0,0,0
141374,141374,,0,0,0,0,0,0,0,0,2,3,0,0,0
73483,73483,,19,80,3,0.500462,0.511993,1.077184,0.000811,0.000811,18,0,0.017095,0.923977,158
73801,73801,,444,2142505,2,0.846875,0.909594,37.696926,0.042564,0.042564,3,0,0.883332,0.919946,90473
76874,76874,,426,2071634,2,0.823708,0.892989,47.517381,0.040687,0.040687,3,0,0.844456,0.917514,83058
178871,178871,,463,1826501,2,0.872786,0.927122,27.698189,0.04487,0.04487,3,0,0.930898,0.933055,99793
160610,160610,,420,2047983,2,0.816265,0.887454,38.280428,0.040218,0.040218,3,0,0.83471,0.922923,81208
141391,141391,,437,3682484,2,0.837713,0.903137,8.357091,0.043069,0.043069,21,0,0.89327,0.970336,92440
73808,73808,,426,3060204,3,0.822458,0.892681,8.058402,0.042046,0.042046,22,0,0.872092,0.970395,87845
178872,178872,,5,14,3,0.486099,0.493542,0,0.000211,0.000211,22,0,0.004455,1,10
141398,141398,,424,2235189,2,0.821212,0.891144,39.188904,0.040592,0.040592,3,0,0.842468,0.921852,82668
178873,178873,,378,2109525,3,0.76662,0.848401,30.822081,0.036312,0.036312,3,0,0.753632,0.937013,66765
90201,90201,,474,1712499,2,0.888525,0.937269,31.26645,0.04581,0.04581,3,0,0.950418,0.927913,104020
121948,121948,,486,6141838,2,0.906355,0.948339,26.262217,0.047093,0.047093,21,0,0.976987,0.931526,109785
141405,141405,,467,3192226,2,0.878444,0.930812,1761.77413,0.044187,0.044187,21,0,0.916927,0.892851,97152
122974,122974,,488,4439744,2,0.909396,0.950185,27.039034,0.047222,0.047222,3,0,0.979684,0.928922,110382
141408,141408,,445,2911089,2,0.8482,0.910517,11.910112,0.043678,0.043678,22,0,0.905941,0.962172,95053
178931,178931,,503,4272031,2,0.932874,0.964022,60.976507,0.047776,0.047776,3,0,0.991441,0.895559,113067
141411,141411,,477,4435936,3,0.891447,0.939729,31.700889,0.046064,0.046064,3,0,0.955751,0.926316,105161
141417,141417,,487,4305704,2,0.907873,0.949262,34.863687,0.046903,0.046903,21,0,0.97317,0.920746,108962
141421,141421,,466,2613659,2,0.877023,0.929889,19.873,0.045383,0.045383,3,0,0.941477,0.941622,102020
141422,141422,,454,4403355,2,0.860317,0.918819,15.328173,0.044422,0.044422,22,0,0.921435,0.953652,98065
204454,204454,,449,5256318,2,0.853543,0.914207,13.12298,0.044017,0.044017,21,0,0.91299,0.959106,96463
68720,68720,,483,3767197,3,0.900332,0.945264,51.659071,0.04623,0.04623,3,0,0.959312,0.910818,106022
141427,141427,,489,5515975,2,0.910924,0.951107,27.917403,0.047299,0.047299,21,0,0.981287,0.928065,110733
141428,141428,,413,1073550,3,0.806548,0.880689,6.032226,0.04089,0.04089,22,0,0.848073,0.97621,83054
141429,141429,,0,0,0,0,0,0,0,0,4,4,0,0,0
141431,141431,,493,4441066,2,0.91709,0.954797,29.61007,0.047596,0.047596,3,0,0.987462,0.924504,112122
141434,141434,,490,4094690,2,0.912458,0.95203,32.286438,0.047291,0.047291,3,0,0.981162,0.924102,110712
204479,204479,,471,4215109,2,0.884176,0.934502,29.929498,0.045561,0.045561,21,0,0.945229,0.930126,102951
141436,141436,,0,0,0,0,0,0,0,0,5,5,0,0,0
141439,141439,,483,3846685,3,0.900332,0.945264,50.801126,0.046287,0.046287,3,0,0.96048,0.912863,106260
141440,141440,,0,0,0,0,0,0,0,0,6,6,0,0,0
177282,177282,,496,4242993,2,0.921769,0.957565,73.213593,0.047132,0.047132,3,0,0.978106,0.897214,110142
204481,204481,,502,6855077,2,0.931271,0.9631,44.013272,0.048002,0.048002,21,0,0.99602,0.907015,114058
141450,141450,,486,2689985,2,0.906355,0.948339,60.853076,0.046386,0.046386,21,0,0.96255,0.904366,106584
141335,141335,,486,2541083,2,0.906355,0.948339,50.091271,0.046447,0.046447,3,0,0.963836,0.908099,107024
178882,178882,,321,2008,3,0.705729,0.794588,0.616782,0.031793,0.031793,22,0,0.659318,0.995931,51151
178866,178866,,403,285110,2,0.795888,0.871771,27.227131,0.038919,0.038919,3,0,0.807501,0.926102,75017
141458,141458,,387,1207145,2,0.777618,0.857011,4.782889,0.038256,0.038256,3,0,0.793418,0.979248,73141
141459,141459,,454,4095185,2,0.860317,0.918819,14.913166,0.044426,0.044426,21,0,0.921504,0.954177,98119
141464,141464,,376,1911767,3,0.764457,0.846556,25.735721,0.036102,0.036102,3,0,0.749284,0.936539,66026
204484,204484,,487,5113830,2,0.907873,0.949262,25.644451,0.047194,0.047194,22,0,0.979069,0.931689,110257
141467,141467,,0,0,0,0,0,0,0,0,7,7,0,0,0
141470,141470,,475,2524947,3,0.888525,0.937884,59.741624,0.045397,0.045397,3,0,0.942054,0.908825,102311
81055,81055,,444,3227589,3,0.845554,0.909287,48.199433,0.042568,0.042568,3,0,0.883361,0.917709,90253
73904,73904,,11,11,3,0.490054,0.5,0,0.000147,0.000147,14,0,0.00329,1,55
204558,204558,,479,3445048,2,0.895868,0.941882,56.063884,0.045698,0.045698,3,0,0.948345,0.905984,103718
73891,73891,,452,4099166,2,0.857595,0.916974,27.965593,0.043773,0.043773,21,0,0.908084,0.932579,95054
178886,178886,,501,4441601,2,0.929674,0.962177,44.127567,0.047902,0.047902,3,0,0.993957,0.906874,113586
204487,204487,,490,4875541,2,0.912458,0.95203,27.479152,0.047392,0.047392,3,0,0.983218,0.927958,111174
178831,178831,,430,1704546,2,0.828746,0.896679,9.077986,0.042309,0.042309,22,0,0.877519,0.96922,89396
141488,141488,,421,1818809,2,0.817496,0.888376,47.193081,0.040161,0.040161,3,0,0.833554,0.916276,81008
178888,178888,,5,14,3,0.486099,0.493542,0,0.000211,0.000211,22,0,0.004455,1,10
156190,156190,,493,6857165,2,0.91709,0.954797,29.61007,0.047596,0.047596,21,0,0.987462,0.924504,112122
204489,204489,,499,4513521,2,0.926496,0.960332,59.666694,0.047579,0.047579,3,0,0.987314,0.902721,112164
73588,73588,,5,5,1,1,1,0,0,0,16,8,0.000114,1,10
92346,92346,,474,3145089,2,0.888525,0.937269,36.082364,0.045612,0.045612,3,0,0.946414,0.919376,103063
204573,204573,,482,1248169,2,0.900332,0.944649,34.574424,0.046473,0.046473,3,0,0.964198,0.922611,106950
193726,193726,,497,5989304,2,0.923339,0.958487,40.57391,0.047661,0.047661,21,0,0.988924,0.912337,112451
204559,204559,,425,1835907,2,0.822458,0.892066,41.330043,0.040644,0.040644,3,0,0.84356,0.919933,82886
122466,122466,,0,0,0,0,0,0,0,0,8,9,0,0,0
141508,141508,,497,3911544,2,0.923339,0.958487,59.804678,0.047397,0.047397,3,0,0.983545,0.903064,111308
147653,147653,,0,0,0,0,0,0,0,0,9,10,0,0,0
141513,141513,,490,4318379,2,0.912458,0.95203,27.952146,0.04738,0.04738,22,0,0.982976,0.927541,111124
204539,204539,,489,5817436,2,0.910924,0.951107,26.274486,0.047341,0.047341,21,0,0.982153,0.929775,110937
141516,141516,,463,774651,2,0.872786,0.927122,28.951328,0.044797,0.044797,22,0,0.929395,0.930512,99521
152610,152610,,487,6142846,2,0.907873,0.949262,25.644451,0.047194,0.047194,21,0,0.979069,0.931689,110257
141518,141518,,445,1258144,2,0.8482,0.910517,30.257936,0.042909,0.042909,21,0,0.890304,0.922867,91170
160976,160976,,483,4937525,2,0.90183,0.945572,22.876767,0.046927,0.046927,21,0,0.973519,0.936651,109029
141523,141523,,503,5819173,2,0.932874,0.964022,50.125285,0.047995,0.047995,21,0,0.995903,0.903242,114037
73943,73943,,481,3760211,3,0.897351,0.943419,49.67233,0.04611,0.04611,3,0,0.956798,0.913652,105472
141531,141531,,505,4156605,2,0.936097,0.965867,68.760286,0.047974,0.047974,21,0,0.995546,0.895678,113984
132056,132056,,0,0,0,0,0,0,0,0,10,11,0,0,0
204496,204496,,482,4935730,2,0.900332,0.944649,22.770376,0.04684,0.04684,21,0,0.971717,0.936931,108610
141546,141546,,0,0,0,0,0,0,0,0,11,12,0,0,0
69871,69871,,471,3005496,2,0.884176,0.934502,54.855112,0.044981,0.044981,3,0,0.933463,0.90856,100564
141552,141552,,353,4709,3,0.737415,0.824416,1.598232,0.034956,0.034956,22,0,0.724923,0.991582,61605
141553,141553,,486,4155092,2,0.906355,0.948339,26.017501,0.047091,0.047091,21,0,0.976968,0.931458,109777
141555,141555,,485,4816928,2,0.904841,0.947417,35.832806,0.046697,0.046697,21,0,0.968892,0.920158,107999
141556,141556,,0,0,0,0,0,0,0,0,12,13,0,0,0
194260,194260,,489,5708248,2,0.910924,0.951107,27.236021,0.047317,0.047317,3,0,0.981649,0.928853,110827
178901,178901,,24,126,3,0.505126,0.518143,23.934226,0.000914,0.000914,18,0,0.019323,0.67029,185
160575,160575,,412,2128246,3,0.805349,0.879766,24.674965,0.039819,0.039819,3,0,0.826291,0.93824,79437
74283,74283,,185,651023,3,0.595604,0.667282,8.721453,0.016716,0.016716,3,0,0.347321,0.928085,15796
204503,204503,,370,2158284,3,0.758042,0.841021,27.232209,0.0355,0.0355,3,0,0.736799,0.935706,63876
66828,66828,,471,1652302,2,0.884176,0.934502,30.592082,0.045542,0.045542,21,0,0.944844,0.928906,102816
143632,143632,,447,3196161,2,0.850863,0.912362,13.165221,0.043839,0.043839,22,0,0.909324,0.958377,95532
179587,179587,,452,2976740,2,0.857595,0.916974,14.732915,0.044255,0.044255,22,0,0.91797,0.955242,97364
204505,204505,,483,4199738,2,0.90183,0.945572,23.284799,0.046908,0.046908,21,0,0.973124,0.935921,108944
195866,195866,,483,4200430,2,0.90183,0.945572,24.527004,0.046875,0.046875,21,0,0.97244,0.934589,108789
90842,90842,,494,6858617,2,0.918644,0.95572,31.473224,0.047637,0.047637,21,0,0.98833,0.922305,112310
204507,204507,,480,1785975,2,0.897351,0.942804,23.36007,0.04663,0.04663,3,0,0.967354,0.9365,107660
143084,143084,,500,6217009,2,0.928082,0.961255,43.627689,0.047879,0.047879,21,0,0.993453,0.909691,113484
74024,74024,,11,11,3,0.490054,0.5,0,0.000147,0.000147,14,0,0.00329,1,55
178908,178908,,412,1663405,2,0.806548,0.880074,6.663728,0.040623,0.040623,22,0,0.842519,0.974807,82533
74802,74802,,0,0,0,0,0,0,0,0,13,14,0,0,0
178887,178887,,456,4078190,3,0.861685,0.920357,18.676659,0.044466,0.044466,3,0,0.922473,0.944399,97972
178909,178909,,406,6548,2,0.79941,0.874539,20.62523,0.039336,0.039336,22,0,0.816058,0.939196,77216
178910,178910,,484,5104318,2,0.903333,0.946494,23.56526,0.04699,0.04699,21,0,0.974825,0.935262,109319
74039,74039,,11,11,3,0.490054,0.5,0,0.000147,0.000147,14,0,0.00329,1,55
204563,204563,,481,2330012,2,0.898839,0.943727,36.995672,0.04629,0.04629,21,0,0.960427,0.91904,106094
74043,74043,,367,265461,2,0.755927,0.838561,18.510074,0.035499,0.035499,3,0,0.736511,0.929915,62454
74044,74044,,440,2600814,2,0.841615,0.905904,9.326225,0.043317,0.043317,21,0,0.89843,0.968306,93519
133439,133439,,486,4681998,3,0.904841,0.948032,40.371892,0.046685,0.046685,3,0,0.968689,0.91638,108000
204512,204512,,484,4284803,2,0.903333,0.946494,36.537095,0.046576,0.046576,21,0,0.966346,0.919614,107490
74050,74050,,11,11,3,0.490054,0.5,0,0.000147,0.000147,14,0,0.00329,1,55
136811,136811,,487,5060813,2,0.907873,0.949262,25.644451,0.047194,0.047194,21,0,0.979069,0.931689,110257
74052,74052,,484,5103179,2,0.903333,0.946494,23.56526,0.04699,0.04699,21,0,0.974825,0.935262,109319
204513,204513,,460,5611372,2,0.86859,0.924354,17.321627,0.044909,0.044909,21,0,0.931565,0.949162,100203
207176,207176,,491,5517549,2,0.913997,0.952952,29.268501,0.047433,0.047433,21,0,0.984086,0.925733,111361
74057,74057,,491,2958564,2,0.913997,0.952952,70.176902,0.046702,0.046702,3,0,0.969188,0.899589,108216
74058,74058,,11,11,3,0.490054,0.5,0,0.000147,0.000147,14,0,0.00329,1,55
74060,74060,,460,3434062,3,0.8672,0.924047,43.144087,0.044205,0.044205,3,0,0.917281,0.919949,97119
74478,74478,,271,232243,3,0.663403,0.74877,0.458651,0.026816,0.026816,22,0,0.556129,0.996283,36449
74467,74467,,482,5344307,3,0.898839,0.944342,43.715148,0.04651,0.04651,21,0,0.964987,0.924457,107164
107283,107283,,57,57,3,0.515699,0.545203,0,0.004984,0.004984,3,0,0.103636,1,1596
204516,204516,,492,6554264,2,0.915541,0.953875,28.38534,0.047545,0.047545,21,0,0.986397,0.926308,111885
74075,74075,,274,359542,3,0.668311,0.75246,0.325121,0.027408,0.027408,22,0,0.568409,0.996471,37269
74076,74076,,11,11,3,0.490054,0.5,0,0.000147,0.000147,14,0,0.00329,1,55
160544,160544,,16,47,3,0.499079,0.509225,0,0.000612,0.000612,18,0,0.012958,1,120
204474,204474,,478,3080545,2,0.894389,0.940959,22.059939,0.046455,0.046455,3,0,0.963724,0.937335,106859
74079,74079,,389,1087780,3,0.778736,0.858549,3.901628,0.038444,0.038444,22,0,0.797302,0.983264,74203
146788,146788,,501,5364391,2,0.929674,0.962177,43.292227,0.047934,0.047934,21,0,0.994612,0.908088,113738
141372,141372,,16,47,3,0.499079,0.509225,0,0.000612,0.000612,18,0,0.012958,1,120
74090,74090,,346,4518,3,0.730458,0.817958,1.150694,0.034247,0.034247,22,0,0.71023,0.993332,59287
204519,204519,,494,6555597,2,0.918644,0.95572,31.473224,0.047637,0.047637,21,0,0.98833,0.922305,112310
204520,204520,,496,4371829,2,0.921769,0.957565,45.997857,0.047429,0.047429,22,0,0.984133,0.907372,111389
204521,204521,,471,2501554,2,0.884176,0.934502,29.457606,0.045601,0.045601,22,0,0.946054,0.931716,103127
178922,178922,,328,747043,3,0.715984,0.802276,28.459303,0.031031,0.031031,3,0,0.644113,0.902383,48393
204429,204429,,420,2235841,3,0.815038,0.887146,41.654676,0.040276,0.040276,3,0,0.835856,0.923935,81297
204395,204395,,483,2991732,2,0.90183,0.945572,24.980033,0.046846,0.046846,3,0,0.971856,0.933395,108650
178924,178924,,479,6549852,3,0.894389,0.941574,22.367222,0.046534,0.046534,21,0,0.965387,0.936784,107244
74305,74305,,493,3866752,2,0.91709,0.954797,39.19728,0.047319,0.047319,3,0,0.981807,0.914065,110856
74120,74120,,5,5,1,1,1,0,0,0,16,8,0.000114,1,10
205548,205548,,437,3118771,3,0.83642,0.902829,32.207954,0.04207,0.04207,3,0,0.872982,0.925587,88177
154178,154178,,480,5235080,2,0.897351,0.942804,22.651793,0.046649,0.046649,21,0,0.967749,0.937283,107750
178933,178933,,495,3900969,2,0.920204,0.956642,912.601962,0.046504,0.046504,21,0,0.965138,0.876923,107217
178925,178925,,278,231986,2,0.672457,0.756458,25.853626,0.025704,0.025704,3,0,0.533846,0.898761,34605
81297,81297,,447,4954497,2,0.850863,0.912362,11.500779,0.043907,0.043907,21,0,0.910693,0.962601,95953
204566,204566,,502,5362946,2,0.931271,0.9631,61.098574,0.047905,0.047905,21,0,0.994028,0.90338,113601
74517,74517,,0,0,0,0,0,0,0,0,15,15,0,0,0
204526,204526,,493,6556018,2,0.91709,0.954797,29.61007,0.047596,0.047596,21,0,0.987462,0.924504,112122
206231,206231,,477,3348237,2,0.892916,0.940037,55.252901,0.045538,0.045538,3,0,0.945008,0.907255,102997
132504,132504,,421,1922033,2,0.817496,0.888376,38.577369,0.040302,0.040302,3,0,0.836455,0.922271,81538
74308,74308,,11,11,3,0.490054,0.5,0,0.000147,0.000147,14,0,0.00329,1,55
188097,188097,,123,860,3,0.551935,0.607011,2.700158,0.010652,0.010652,3,0,0.221492,0.965081,7241
204527,204527,,441,2303828,2,0.842924,0.906827,26.566301,0.042665,0.042665,21,0,0.885124,0.932632,90484
211866,211866,,157,157,3,0.58217,0.643604,0,0.014967,0.014967,3,0,0.310748,1,12246
178959,178959,,484,4277893,3,0.90183,0.946187,23.469506,0.04697,0.04697,21,0,0.974436,0.934415,109220
204528,204528,,493,6556264,2,0.91709,0.954797,29.61007,0.047596,0.047596,21,0,0.987462,0.924504,112122
160667,160667,,423,2103623,3,0.818731,0.889914,6.625872,0.04186,0.04186,21,0,0.868203,0.97488,87011
178929,178929,,498,4638787,2,0.924915,0.95941,42.82296,0.047721,0.047721,3,0,0.99018,0.911032,112743
204359,204359,,503,5404649,2,0.932874,0.964022,52.652888,0.047956,0.047956,21,0,0.99511,0.901911,113869
74156,74156,,473,2708845,3,0.885621,0.936039,37.169391,0.045483,0.045483,3,0,0.943763,0.919724,102667
178930,178930,,394,1240418,3,0.78437,0.863161,4.319489,0.038898,0.038898,22,0,0.806707,0.981891,76019
74158,74158,,315,1282078,3,0.694872,0.787208,5.573612,0.031095,0.031095,3,0,0.645024,0.968577,47901
74159,74159,,409,1685020,2,0.802963,0.877306,21.642899,0.039565,0.039565,3,0,0.82105,0.940529,78474
74160,74160,,469,2684028,3,0.87987,0.932349,111.043379,0.045227,0.045227,3,0,0.938415,0.924617,101473
74161,74161,,374,2197630,3,0.762307,0.844711,19.477847,0.036003,0.036003,3,0,0.747202,0.940718,65616
191923,191923,,495,5888713,3,0.918644,0.956335,57.663656,0.047245,0.047245,3,0,0.980368,0.904674,110610
204361,204361,,456,1695595,2,0.863057,0.920664,26.278288,0.044229,0.044229,21,0,0.917557,0.936216,97123
204532,204532,,493,6857559,2,0.91709,0.954797,29.61007,0.047596,0.047596,21,0,0.987462,0.924504,112122
178994,178994,,453,1700597,2,0.858954,0.917897,26.269763,0.043975,0.043975,3,0,0.912266,0.937037,95932
74173,74173,,5,5,1,1,1,0,0,0,16,8,0.000114,1,10
74356,74356,,485,2901424,2,0.904841,0.947417,28.536698,0.046953,0.046953,3,0,0.974129,0.929914,109144
204533,204533,,485,4393515,3,0.903333,0.947109,62.779888,0.04629,0.04629,3,0,0.96058,0.90547,106275
204534,204534,,500,5660875,2,0.928082,0.961255,65.254401,0.047573,0.047573,3,0,0.987222,0.898814,112127
157130,157130,,485,3766573,3,0.903333,0.947109,61.677402,0.046329,0.046329,3,0,0.961388,0.907191,106477
204535,204535,,423,2070904,2,0.81997,0.890221,32.543612,0.040579,0.040579,3,0,0.842187,0.925481,82602
207309,207309,,481,3598981,2,0.898839,0.943727,34.256632,0.046372,0.046372,22,0,0.962085,0.923138,106567
74317,74317,,473,3228950,2,0.88707,0.936347,33.790365,0.04563,0.04563,3,0,0.946682,0.924132,103159
148134,148134,,19,112,3,0.500462,0.511993,1.077184,0.000811,0.000811,18,0,0.017095,0.923977,158
74197,74197,,5,5,1,1,1,0,0,0,16,8,0.000114,1,10
204537,204537,,497,6440398,3,0.921769,0.95818,67.791406,0.047362,0.047362,21,0,0.982815,0.901709,111141
74200,74200,,375,1750,2,0.764457,0.845941,16.971606,0.036365,0.036365,22,0,0.754438,0.941462,66020
74319,74319,,11,11,3,0.490054,0.5,0,0.000147,0.000147,14,0,0.00329,1,55
178961,178961,,484,3908285,2,0.903333,0.946494,24.038447,0.046978,0.046978,22,0,0.974584,0.934808,109266
72442,72442,,431,2460,2,0.830015,0.897601,58.03291,0.040984,0.040984,3,0,0.850523,0.897836,83198
178939,178939,,355,1205755,2,0.743484,0.827491,13.465198,0.034594,0.034594,3,0,0.71774,0.948357,59590
74212,74212,,345,3541,3,0.729475,0.817036,1.538334,0.034105,0.034105,22,0,0.707278,0.991877,58858
74216,74216,,16,47,3,0.499079,0.509225,0,0.000612,0.000612,18,0,0.012958,1,120
160508,160508,,365,1763725,3,0.752778,0.836408,24.91606,0.035018,0.035018,3,0,0.726803,0.93798,62310
204397,204397,,497,5363828,2,0.923339,0.958487,53.452406,0.047663,0.047663,21,0,0.988949,0.912402,112459
204371,204371,,508,5132366,2,0.940972,0.968635,73.59008,0.048138,0.048138,21,0,0.998972,0.891239,114772
160510,160510,,440,1421792,2,0.841615,0.905904,14.939073,0.04302,0.04302,3,0,0.892423,0.95001,91752
160511,160511,,417,2292547,3,0.811377,0.884379,89.05658,0.040066,0.040066,3,0,0.831468,0.927458,80444
204544,204544,,477,4953866,2,0.892916,0.940037,32.814605,0.046049,0.046049,21,0,0.955364,0.926026,105128
166402,166402,,488,2713196,2,0.909396,0.950185,34.789831,0.047018,0.047018,3,0,0.975543,0.921147,109458
164359,164359,,468,2367272,2,0.87987,0.931734,29.459802,0.045329,0.045329,22,0,0.940413,0.931432,101785
164360,164360,,492,6403347,2,0.915541,0.953875,28.38534,0.047545,0.047545,21,0,0.986397,0.926308,111885
74254,74254,,5,5,1,1,1,0,0,0,16,8,0.000114,1,10
178947,178947,,491,3122439,2,0.913997,0.952952,37.414089,0.04721,0.04721,3,0,0.979541,0.91727,110343
74528,74528,,0,0,0,0,0,0,0,0,17,16,0,0,0
74262,74262,,486,2462350,2,0.906355,0.948339,36.211165,0.046749,0.046749,3,0,0.969978,0.918391,108237
178963,178963,,19,102,3,0.500462,0.511993,1.077184,0.000811,0.000811,18,0,0.017095,0.923977,158
204400,204400,,442,2688465,2,0.844237,0.907749,11.514427,0.043402,0.043402,22,0,0.900233,0.962867,93842
74010,74010,,24,140,3,0.505126,0.518143,23.934226,0.000914,0.000914,18,0,0.019323,0.67029,185
92699,92699,,412,236946,2,0.806548,0.880074,21.784768,0.039889,0.039889,22,0,0.827544,0.937059,79337
162332,162332,,465,3929633,2,0.875606,0.928967,783.418174,0.044384,0.044384,21,0,0.920912,0.908111,97967
74270,74270,,492,5901506,2,0.915541,0.953875,36.980511,0.047363,0.047363,21,0,0.982685,0.919502,111063
74273,74273,,480,4335961,3,0.895868,0.942497,33.434498,0.046299,0.046299,21,0,0.960628,0.924078,106232
204439,204439,,501,5279495,2,0.929674,0.962177,45.713919,0.04792,0.04792,3,0,0.994322,0.907593,113676
204550,204550,,500,6218144,2,0.928082,0.961255,43.627689,0.047879,0.047879,21,0,0.993453,0.909691,113484
74278,74278,,0,0,0,0,0,0,0,0,19,17,0,0,0
204551,204551,,487,5112299,2,0.907873,0.949262,25.644451,0.047194,0.047194,22,0,0.979069,0.931689,110257
160535,160535,,417,1877556,2,0.812594,0.884686,48.38653,0.039473,0.039473,3,0,0.819305,0.896767,77782
178975,178975,,475,1633261,2,0.889984,0.938192,21.060774,0.046214,0.046214,3,0,0.958699,0.939525,105767
204552,204552,,495,6440666,2,0.920204,0.956642,42.418706,0.047512,0.047512,21,0,0.985816,0.913998,111750
198197,198197,,501,4550284,2,0.929674,0.962177,44.612353,0.047938,0.047938,3,0,0.994686,0.90824,113757
178964,178964,,499,4949296,3,0.924915,0.960025,1411.180406,0.046923,0.046923,3,0,0.973879,0.878593,109166
98057,98057,,493,5525690,2,0.91709,0.954797,29.61007,0.047596,0.047596,22,0,0.987462,0.924504,112122
196358,196358,,484,4337743,2,0.903333,0.946494,36.435265,0.046581,0.046581,22,0,0.966442,0.919836,107516
74299,74299,,473,3979588,3,0.885621,0.936039,32.173894,0.045668,0.045668,3,0,0.94751,0.925467,103308
141495,141495,,0,0,0,0,0,0,0,0,20,18,0,0,0
178954,178954,,488,3704203,2,0.909396,0.950185,26.142967,0.047258,0.047258,3,0,0.980418,0.930303,110546
204351,204351,,436,3517726,2,0.83642,0.902214,9.343289,0.042915,0.042915,21,0,0.8901,0.968554,91848
204352,204352,,415,2229181,3,0.808955,0.882534,31.455457,0.039988,0.039988,3,0,0.829831,0.932972,80147
204353,204353,,470,4428119,3,0.881301,0.933272,18.636726,0.045823,0.045823,21,0,0.950603,0.943882,104030
204354,204354,,488,5362589,2,0.909396,0.950185,26.511733,0.047253,0.047253,21,0,0.980301,0.930168,110530
204355,204355,,499,5774192,2,0.926496,0.960332,55.50486,0.047781,0.047781,21,0,0.991422,0.90957,113015
204356,204356,,498,6143693,2,0.924915,0.95941,40.798332,0.04775,0.04775,21,0,0.990762,0.912051,112869
204357,204357,,490,5819199,2,0.912458,0.95203,27.479152,0.047392,0.047392,21,0,0.983218,0.927958,111174
204358,204358,,493,5827602,2,0.91709,0.954797,29.61007,0.047596,0.047596,22,0,0.987462,0.924504,112122
204385,204385,,501,3994511,2,0.929674,0.962177,50.378137,0.047799,0.047799,21,0,0.991856,0.903257,113133
204360,204360,,492,6115864,3,0.913997,0.953567,55.401496,0.047032,0.047032,3,0,0.975932,0.907531,109617
204556,204556,,488,6140857,2,0.909396,0.950185,27.474019,0.047235,0.047235,21,0,0.979938,0.929436,110443
204362,204362,,416,3309619,2,0.811377,0.883764,6.790334,0.041009,0.041009,21,0,0.850521,0.974548,84123
204363,204363,,488,5285269,2,0.909396,0.950185,35.524264,0.047031,0.047031,21,0,0.975777,0.921559,109507
204364,204364,,500,6067288,2,0.928082,0.961255,44.503639,0.047837,0.047837,21,0,0.992592,0.908056,113280
204365,204365,,488,6444260,2,0.909396,0.950185,26.511733,0.047253,0.047253,21,0,0.980301,0.930168,110530
204366,204366,,500,4780358,2,0.928082,0.961255,41.954069,0.047883,0.047883,3,0,0.993547,0.909828,113501
204367,204367,,448,4954680,2,0.852201,0.913284,12.439539,0.043958,0.043958,21,0,0.911758,0.96067,96190
204368,204368,,500,4331501,2,0.928082,0.961255,43.09163,0.04786,0.04786,3,0,0.993059,0.90885,113379
204369,204369,,441,3915828,2,0.842924,0.906827,10.028149,0.043377,0.043377,21,0,0.899686,0.966347,93755
204370,204370,,372,622814,2,0.761236,0.843173,42.55653,0.03509,0.03509,3,0,0.72844,0.901139,62184
171619,171619,,160,626908,3,0.579679,0.644219,3.443606,0.014292,0.014292,3,0,0.297016,0.941903,11981
204372,204372,,488,6444409,2,0.909396,0.950185,26.511733,0.047253,0.047253,21,0,0.980301,0.930168,110530
204373,204373,,486,6142119,2,0.906355,0.948339,24.464892,0.047143,0.047143,21,0,0.978005,0.93352,110020
204374,204374,,444,4225374,2,0.846875,0.909594,12.07565,0.04358,0.04358,22,0,0.903909,0.961849,94594
204375,204375,,501,4735997,2,0.929674,0.962177,43.292227,0.047934,0.047934,21,0,0.994612,0.908088,113738
204376,204376,,446,3994641,2,0.84953,0.911439,12.11773,0.043768,0.043768,22,0,0.907808,0.961616,95426
204377,204377,,483,5411655,2,0.90183,0.945572,24.648812,0.046846,0.046846,22,0,0.971864,0.933318,108641
204378,204378,,483,4335327,2,0.90183,0.945572,36.263722,0.046488,0.046488,22,0,0.964521,0.920002,107091
204379,204379,,450,2338196,2,0.85489,0.915129,13.635165,0.0441,0.0441,21,0,0.914729,0.957169,96698
204380,204380,,482,4936079,2,0.900332,0.944649,22.867561,0.046836,0.046836,21,0,0.971633,0.936914,108608
204381,204381,,493,5775728,2,0.91709,0.954797,29.61007,0.047596,0.047596,21,0,0.987462,0.924504,112122
204382,204382,,477,2093051,2,0.892916,0.940037,32.591809,0.046048,0.046048,22,0,0.955365,0.925894,105113
204383,204383,,354,1421290,3,0.74145,0.826261,27.332706,0.033975,0.033975,3,0,0.705143,0.94043,58759
74351,74351,,19,68,3,0.500462,0.511993,20.209807,0.000792,0.000792,18,0,0.016713,0.824561,141
171617,171617,,473,2438088,3,0.885621,0.936039,40.832745,0.045411,0.045411,3,0,0.942301,0.917019,102365
204386,204386,,500,6445523,2,0.928082,0.961255,43.09163,0.04786,0.04786,21,0,0.993059,0.90885,113379
204387,204387,,488,6445349,2,0.909396,0.950185,26.511733,0.047253,0.047253,21,0,0.980301,0.930168,110530
204388,204388,,444,4217652,2,0.846875,0.909594,12.387133,0.043574,0.043574,21,0,0.903795,0.96189,94598
204389,204389,,480,3846837,3,0.895868,0.942497,41.572111,0.046097,0.046097,3,0,0.956516,0.916893,105406
204390,204390,,450,5256337,2,0.85489,0.915129,14.809042,0.044058,0.044058,21,0,0.913858,0.956516,96632
171623,171623,,489,5516258,2,0.910924,0.951107,26.541138,0.047334,0.047334,21,0,0.982011,0.929498,110904
204392,204392,,489,6137692,2,0.910924,0.951107,35.814396,0.047077,0.047077,21,0,0.976777,0.919801,109747
204393,204393,,399,1716854,2,0.791241,0.868081,22.475342,0.038529,0.038529,3,0,0.799568,0.938628,74528
204394,204394,,461,3141852,3,0.86859,0.924969,43.425592,0.044289,0.044289,3,0,0.919025,0.919447,97489
204391,204391,,486,4511543,3,0.904841,0.948032,36.848109,0.04674,0.04674,3,0,0.969813,0.918493,108249
204396,204396,,480,3124105,2,0.897351,0.942804,22.033869,0.046675,0.046675,3,0,0.968287,0.938248,107861
204562,204562,,487,6142325,2,0.907873,0.949262,25.644451,0.047194,0.047194,21,0,0.979069,0.931689,110257
204398,204398,,446,3143781,2,0.84953,0.911439,12.528131,0.043745,0.043745,22,0,0.907339,0.960589,95324
204399,204399,,482,4936764,2,0.900332,0.944649,24.23787,0.046801,0.046801,21,0,0.970908,0.935439,108437
74352,74352,,487,6143539,2,0.907873,0.949262,25.644451,0.047194,0.047194,21,0,0.979069,0.931689,110257
92776,92776,,407,3798,2,0.800591,0.875461,596.405972,0.039227,0.039227,22,0,0.813856,0.929534,76799
204403,204403,,493,3600524,2,0.91709,0.954797,39.708924,0.047336,0.047336,3,0,0.98218,0.914832,110949
204404,204404,,486,6444039,2,0.906355,0.948339,26.72715,0.047075,0.047075,21,0,0.976626,0.930822,109702
204405,204405,,330,1040207,3,0.708497,0.801046,28.020189,0.031236,0.031236,22,0,0.648325,0.900967,48909
204406,204406,,503,5473985,2,0.932874,0.964022,45.36603,0.048053,0.048053,21,0,0.997084,0.905285,114295
204407,204407,,381,2221380,3,0.769886,0.851169,27.906208,0.036537,0.036537,3,0,0.758312,0.933181,67553
204408,204408,,507,6631331,2,0.939341,0.967712,55.801114,0.04819,0.04819,21,0,1,0.896376,114979
160532,160532,,476,3851106,2,0.891447,0.939114,20.010904,0.04638,0.04638,21,0,0.962147,0.942132,106508
204410,204410,,417,3610936,2,0.812594,0.884686,8.209549,0.041013,0.041013,21,0,0.850626,0.970727,84197
204411,204411,,439,3186869,2,0.84031,0.904982,9.408405,0.043203,0.043203,22,0,0.896069,0.967714,93037
204412,204412,,446,3992472,2,0.84953,0.911439,12.11773,0.043768,0.043768,22,0,0.907808,0.961616,95426
204413,204413,,483,5103987,2,0.90183,0.945572,22.405765,0.046939,0.046939,21,0,0.97376,0.937106,109082
204414,204414,,487,6444660,2,0.907873,0.949262,25.325595,0.047202,0.047202,21,0,0.979237,0.931993,110293
204415,204415,,435,2882934,2,0.835131,0.901292,8.521924,0.042856,0.042856,22,0,0.888874,0.969861,91550
204416,204416,,413,2443860,2,0.80775,0.880996,5.183751,0.04085,0.04085,22,0,0.847209,0.979301,83317
204418,204418,,493,6857212,2,0.91709,0.954797,29.61007,0.047596,0.047596,21,0,0.987462,0.924504,112122
204419,204419,,503,4460702,2,0.932874,0.964022,52.935619,0.047921,0.047921,3,0,0.994388,0.900541,113696
204420,204420,,458,3555069,2,0.865815,0.922509,16.830718,0.044734,0.044734,22,0,0.927928,0.950293,99451
204421,204421,,490,4736595,2,0.912458,0.95203,27.479152,0.047392,0.047392,21,0,0.983218,0.927958,111174
204422,204422,,484,4323204,2,0.903333,0.946494,23.249682,0.046998,0.046998,21,0,0.974993,0.93557,109355
204423,204423,,489,4451024,2,0.910924,0.951107,34.097504,0.047194,0.047194,21,0,0.979155,0.924143,110265
74376,74376,,300,642041,3,0.690446,0.776445,20.87779,0.02841,0.02841,3,0,0.589762,0.919197,41226
204425,204425,,487,3559514,2,0.907873,0.949262,25.847807,0.047177,0.047177,21,0,0.978732,0.931038,110180
204426,204426,,446,2255189,2,0.84953,0.911439,37.931002,0.042768,0.042768,3,0,0.887555,0.920119,91308
204427,204427,,487,6143516,2,0.907873,0.949262,25.644451,0.047194,0.047194,21,0,0.979069,0.931689,110257
204428,204428,,433,1043241,3,0.831288,0.899139,29.930345,0.041705,0.041705,3,0,0.865367,0.923306,86355
178829,178829,,437,3818903,2,0.837713,0.903137,9.975838,0.042975,0.042975,21,0,0.891333,0.966987,92121
204430,204430,,469,5054855,3,0.87987,0.932349,19.314561,0.045709,0.045709,21,0,0.948243,0.943014,103492
74383,74383,,376,1238450,3,0.764457,0.846556,2.045546,0.037287,0.037287,22,0,0.773264,0.989915,69789
178832,178832,,434,2504077,3,0.832565,0.900062,39.886306,0.041667,0.041667,3,0,0.864641,0.919381,86386
178833,178833,,443,2504454,2,0.845554,0.908672,21.821461,0.043172,0.043172,21,0,0.895615,0.944169,92437
204434,204434,,498,5424969,2,0.924915,0.95941,42.164405,0.047739,0.047739,21,0,0.990532,0.911671,112822
204435,204435,,491,4699999,2,0.913997,0.952952,30.397637,0.047393,0.047393,3,0,0.983277,0.924245,111182
204436,204436,,491,3071525,2,0.913997,0.952952,38.07347,0.047156,0.047156,21,0,0.978442,0.91545,110124
204437,204437,,426,3775809,2,0.823708,0.892989,7.912409,0.041966,0.041966,21,0,0.870389,0.971179,87916
204438,204438,,485,5406233,2,0.904841,0.947417,24.415756,0.047049,0.047049,21,0,0.976057,0.933731,109592
204569,204569,,474,3141988,2,0.888525,0.937269,32.655753,0.045756,0.045756,22,0,0.949293,0.926192,103827
204440,204440,,484,5105333,2,0.903333,0.946494,23.56526,0.04699,0.04699,21,0,0.974825,0.935262,109319
204441,204441,,496,6236856,2,0.921769,0.957565,41.149697,0.047536,0.047536,21,0,0.986317,0.911168,111855
178842,178842,,470,2895051,2,0.882736,0.933579,57.816488,0.044918,0.044918,3,0,0.932145,0.909695,100262
178843,178843,,483,2192659,2,0.90183,0.945572,37.0359,0.04651,0.04651,3,0,0.964974,0.920251,107120
204444,204444,,443,3187311,2,0.845554,0.908672,12.113286,0.043489,0.043489,22,0,0.902024,0.962636,94245
160538,160538,,279,415721,2,0.673292,0.75738,61.332259,0.025875,0.025875,3,0,0.537372,0.900802,34934
204446,204446,,481,3599279,2,0.898839,0.943727,34.256632,0.046372,0.046372,22,0,0.962085,0.923138,106567
204447,204447,,480,5934337,2,0.897351,0.942804,23.411124,0.046605,0.046605,21,0,0.966844,0.935517,107547
204448,204448,,493,6855751,2,0.91709,0.954797,29.705076,0.047593,0.047593,21,0,0.987417,0.924422,112112
204449,204449,,443,3133688,2,0.845554,0.908672,12.178165,0.043484,0.043484,21,0,0.901928,0.962453,94227
204450,204450,,503,5321218,2,0.932874,0.964022,45.36603,0.048053,0.048053,21,0,0.997084,0.905285,114295
204451,204451,,471,3329441,2,0.884176,0.934502,26.809079,0.045651,0.045651,22,0,0.947058,0.933333,103306
204452,204452,,436,2718120,2,0.83642,0.902214,11.171708,0.042842,0.042842,22,0,0.88859,0.965138,91524
204453,204453,,364,2157891,3,0.751734,0.835486,17.445742,0.03512,0.03512,3,0,0.72884,0.945539,62468
178854,178854,,461,2461513,2,0.869984,0.925277,19.204601,0.044916,0.044916,3,0,0.931782,0.942752,99960
204455,204455,,459,5110263,2,0.8672,0.923432,16.306553,0.044858,0.044858,22,0,0.9305,0.951052,99966
204456,204456,,501,5502746,2,0.929674,0.962177,44.053555,0.047912,0.047912,21,0,0.994151,0.907242,113632
204457,204457,,476,5023811,2,0.891447,0.939114,32.790881,0.045952,0.045952,21,0,0.953361,0.92621,104708
178858,178858,,501,5819010,2,0.929674,0.962177,43.292227,0.047934,0.047934,21,0,0.994612,0.908088,113738
204459,204459,,483,5104127,2,0.90183,0.945572,22.405765,0.046939,0.046939,21,0,0.97376,0.937106,109082
178860,178860,,492,6554266,2,0.915541,0.953875,28.654538,0.047538,0.047538,21,0,0.986255,0.926034,111852
204461,204461,,494,6858081,2,0.918644,0.95572,31.473224,0.047637,0.047637,21,0,0.98833,0.922305,112310
204462,204462,,439,2885508,2,0.84031,0.904982,9.662323,0.043195,0.043195,22,0,0.895901,0.96734,93001
178863,178863,,494,2716120,2,0.918644,0.95572,38.476246,0.047455,0.047455,3,0,0.984636,0.915612,111495
204464,204464,,381,2398900,3,0.769886,0.851169,27.887485,0.036539,0.036539,3,0,0.758344,0.933278,67560
204465,204465,,492,3531179,2,0.915541,0.953875,30.280608,0.047495,0.047495,3,0,0.985382,0.924403,111655
133810,133810,,500,3916184,2,0.928082,0.961255,44.646646,0.047861,0.047861,3,0,0.993081,0.908946,113391
204467,204467,,216,206367,2,0.624424,0.699262,7.158477,0.020277,0.020277,3,0,0.421071,0.933807,21683
204468,204468,,489,6062637,3,0.909396,0.9508,45.450566,0.04687,0.04687,21,0,0.97254,0.912384,108862
204469,204469,,451,5432267,3,0.85489,0.915744,13.266185,0.044229,0.044229,21,0,0.917424,0.957546,97167
204471,204471,,489,6445322,2,0.910924,0.951107,28.350475,0.047294,0.047294,21,0,0.98117,0.927922,110716
204472,204472,,468,3734973,2,0.87987,0.931734,31.57213,0.045188,0.045188,21,0,0.937494,0.927177,101320
204473,204473,,430,2715356,2,0.828746,0.896679,8.771448,0.042365,0.042365,22,0,0.878676,0.97025,89491
178874,178874,,488,4654794,3,0.907873,0.949877,45.120756,0.046772,0.046772,3,0,0.97053,0.912613,108444
204475,204475,,494,6857982,2,0.918644,0.95572,31.473224,0.047637,0.047637,21,0,0.98833,0.922305,112310
178876,178876,,453,3129133,2,0.858954,0.917897,15.072909,0.04433,0.04433,22,0,0.919514,0.954316,97701
204477,204477,,460,4586101,2,0.86859,0.924354,18.841289,0.044861,0.044861,21,0,0.930566,0.947135,99989
204478,204478,,473,4729791,3,0.885621,0.936039,19.47729,0.046079,0.046079,21,0,0.955931,0.94221,105177
178879,178879,,478,3865929,2,0.894389,0.940959,20.976563,0.046526,0.046526,21,0,0.965165,0.940133,107178
204480,204480,,441,847228,3,0.841615,0.906519,44.424908,0.04224,0.04224,3,0,0.876527,0.913575,88635
178881,178881,,471,3765199,2,0.884176,0.934502,39.862508,0.045278,0.045278,21,0,0.939465,0.917288,101530
204482,204482,,483,4309943,2,0.90183,0.945572,22.97804,0.046913,0.046913,21,0,0.973238,0.936015,108955
204483,204483,,495,3618230,2,0.920204,0.956642,72.179966,0.047048,0.047048,3,0,0.97636,0.897796,109769
178884,178884,,471,2607530,2,0.884176,0.934502,22.143226,0.045778,0.045778,21,0,0.949676,0.937887,103810
204485,204485,,487,5361118,2,0.907873,0.949262,25.325595,0.047202,0.047202,21,0,0.979237,0.931993,110293
204486,204486,,478,5660186,3,0.892916,0.940652,22.224335,0.046442,0.046442,3,0,0.963466,0.936993,106820
74439,74439,,470,4079038,3,0.881301,0.933272,37.940783,0.04522,0.04522,3,0,0.938305,0.920147,101414
204488,204488,,489,5007395,3,0.909396,0.9508,55.259708,0.046725,0.046725,21,0,0.969576,0.906928,108211
178889,178889,,185,644784,3,0.595604,0.667282,9.368146,0.016668,0.016668,3,0,0.346328,0.921328,15681
204490,204490,,475,3143648,2,0.889984,0.938192,31.941914,0.045882,0.045882,22,0,0.951894,0.927275,104388
204491,204491,,484,4020508,2,0.903333,0.946494,23.56526,0.04699,0.04699,21,0,0.974825,0.935262,109319
204492,204492,,473,2878795,3,0.885621,0.936039,37.169391,0.045483,0.045483,3,0,0.943763,0.919724,102667
204494,204494,,508,6855679,2,0.940972,0.968635,71.71024,0.048166,0.048166,21,0,0.999546,0.892124,114886
204495,204495,,425,2198764,2,0.822458,0.892066,41.475195,0.040634,0.040634,3,0,0.843348,0.919401,82838
178896,178896,,477,4419750,3,0.891447,0.939729,20.900301,0.046404,0.046404,3,0,0.96267,0.939256,106630
204497,204497,,488,6143648,2,0.909396,0.950185,27.474019,0.047235,0.047235,21,0,0.979938,0.929436,110443
204498,204498,,434,2788681,2,0.833846,0.900369,9.500895,0.042696,0.042696,22,0,0.88554,0.968263,90979
204499,204499,,496,3499285,2,0.921769,0.957565,56.050127,0.047386,0.047386,3,0,0.983283,0.906069,111229
204500,204500,,479,2176020,2,0.895868,0.941882,25.21066,0.04643,0.04643,3,0,0.963217,0.932425,106745
204501,204501,,225,611,2,0.630966,0.707565,11.138043,0.020753,0.020753,3,0,0.431053,0.91123,22963
204502,204502,,466,1650256,2,0.877023,0.929889,28.109457,0.045151,0.045151,22,0,0.936707,0.933186,101106
204409,204409,,503,6858115,2,0.932874,0.964022,45.36603,0.048053,0.048053,21,0,0.997084,0.905285,114295
204504,204504,,496,5151569,2,0.921769,0.957565,41.149697,0.047536,0.047536,21,0,0.986317,0.911168,111855
73433,73433,,413,1778873,2,0.80775,0.880996,38.975547,0.039513,0.039513,3,0,0.820092,0.921836,78428
204506,204506,,470,2906757,2,0.882736,0.933579,20.06111,0.045761,0.045761,21,0,0.949297,0.941033,103716
74459,74459,,437,3517223,2,0.837713,0.903137,10.919174,0.042957,0.042957,21,0,0.890969,0.965864,92014
204508,204508,,459,2012328,2,0.8672,0.923432,22.163444,0.044621,0.044621,3,0,0.925664,0.939559,98758
204509,204509,,377,1767667,3,0.765537,0.847478,29.811475,0.036267,0.036267,3,0,0.752688,0.939514,66589
204510,204510,,500,5363579,2,0.928082,0.961255,41.954069,0.047883,0.047883,21,0,0.993547,0.909828,113501
204511,204511,,479,6549852,3,0.894389,0.941574,22.367222,0.046534,0.046534,21,0,0.965387,0.936784,107244
178912,178912,,487,5263384,2,0.907873,0.949262,35.143925,0.046913,0.046913,21,0,0.973364,0.920932,108984
73441,73441,,496,3526264,2,0.921769,0.957565,40.031832,0.047578,0.047578,21,0,0.987208,0.912895,112067
204514,204514,,442,3134658,2,0.844237,0.907749,10.583416,0.043443,0.043443,21,0,0.901059,0.965104,94060
204515,204515,,496,5742857,2,0.921769,0.957565,33.947784,0.047743,0.047743,3,0,0.990561,0.919013,112818
178916,178916,,480,3781830,2,0.897351,0.942804,935.105301,0.045652,0.045652,22,0,0.947339,0.897825,103214
204517,204517,,490,4268176,2,0.912458,0.95203,27.952146,0.04738,0.04738,21,0,0.982976,0.927541,111124
204518,204518,,503,5775830,2,0.932874,0.964022,45.36603,0.048053,0.048053,21,0,0.997084,0.905285,114295
74471,74471,,509,3229271,2,0.942609,0.969557,4261.065637,0.047796,0.047796,21,0,0.991981,0.875044,113131
178920,178920,,436,2597395,2,0.83642,0.902214,9.377206,0.042952,0.042952,21,0,0.890857,0.968786,91870
178921,178921,,482,5197136,2,0.900332,0.944649,23.883133,0.046776,0.046776,21,0,0.97038,0.93455,108334
204522,204522,,485,4953337,2,0.904841,0.947417,42.933434,0.046557,0.046557,21,0,0.965982,0.914825,107373
204523,204523,,501,5350725,2,0.929674,0.962177,44.053555,0.047912,0.047912,21,0,0.994151,0.907242,113632
204524,204524,,503,6403250,2,0.932874,0.964022,45.36603,0.048053,0.048053,21,0,0.997084,0.905285,114295
204525,204525,,498,3129106,2,0.924915,0.95941,64.572268,0.047387,0.047387,3,0,0.983365,0.899211,111280
205550,205550,,493,4796953,2,0.91709,0.954797,39.690997,0.047358,0.047358,21,0,0.982618,0.915607,111043
178927,178927,,365,1934747,3,0.752778,0.836408,21.757331,0.035226,0.035226,3,0,0.73104,0.9465,62876
178928,178928,,484,5405943,2,0.903333,0.946494,23.249682,0.046998,0.046998,21,0,0.974993,0.93557,109355
204529,204529,,490,5514828,2,0.912458,0.95203,27.479152,0.047392,0.047392,21,0,0.983218,0.927958,111174
204530,204530,,421,2148953,3,0.816265,0.888069,42.145011,0.04035,0.04035,3,0,0.837409,0.922882,81592
204531,204531,,493,6857546,2,0.91709,0.954797,29.61007,0.047596,0.047596,21,0,0.987462,0.924504,112122
73460,73460,,470,3364280,3,0.881301,0.933272,35.089316,0.045339,0.045339,22,0,0.940696,0.924121,101852
74366,74366,,445,2940612,3,0.846875,0.910209,16.800361,0.043514,0.043514,22,0,0.902667,0.950359,93886
178934,178934,,491,6855216,2,0.913997,0.952952,28.182668,0.047456,0.047456,21,0,0.98456,0.926639,111470
160553,160553,,457,2391790,2,0.864434,0.921587,26.824231,0.044285,0.044285,21,0,0.918737,0.934316,97352
204536,204536,,484,5490878,2,0.903333,0.946494,23.39237,0.046988,0.046988,21,0,0.974786,0.935108,109301
178937,178937,,467,3688237,2,0.878444,0.930812,20.443132,0.045473,0.045473,21,0,0.943322,0.941329,102427
204538,204538,,493,4745109,2,0.91709,0.954797,29.61007,0.047596,0.047596,3,0,0.987462,0.924504,112122
198783,198783,,490,5652325,2,0.912458,0.95203,27.952146,0.04738,0.04738,21,0,0.982976,0.927541,111124
204540,204540,,486,5060387,2,0.906355,0.948339,24.464892,0.047143,0.047143,21,0,0.978005,0.93352,110020
204541,204541,,504,5888964,2,0.934483,0.964945,78.129272,0.047786,0.047786,3,0,0.991675,0.892644,113148
204542,204542,,482,4386899,3,0.898839,0.944342,60.415566,0.046082,0.046082,3,0,0.956234,0.90861,105327
204543,204543,,489,2412294,3,0.909396,0.9508,54.125081,0.04683,0.04683,3,0,0.971719,0.910674,108658
160512,160512,,485,2706011,2,0.904841,0.947417,38.142819,0.046593,0.046593,3,0,0.96676,0.916222,107537
204545,204545,,475,2280075,2,0.889984,0.938192,28.679924,0.045994,0.045994,22,0,0.954191,0.931077,104816
204546,204546,,474,5252966,2,0.888525,0.937269,31.409777,0.045812,0.045812,21,0,0.950436,0.928172,104049
204547,204547,,484,5668407,2,0.903333,0.946494,35.544866,0.046615,0.046615,21,0,0.967148,0.921077,107661
204548,204548,,480,3365057,2,0.897351,0.942804,33.337111,0.046314,0.046314,22,0,0.960878,0.924643,106297
204549,204549,,490,5819075,2,0.912458,0.95203,27.479152,0.047392,0.047392,21,0,0.983218,0.927958,111174
160518,160518,,465,2576063,3,0.874194,0.928659,31.861891,0.044871,0.044871,3,0,0.930995,0.924481,99733
178951,178951,,489,1903495,2,0.910924,0.951107,73.126466,0.046425,0.046425,3,0,0.963433,0.895471,106844
178952,178952,,451,2890322,2,0.85624,0.916052,14.785494,0.044166,0.044166,21,0,0.916108,0.955841,96994
178953,178953,,493,2500882,2,0.91709,0.954797,39.477369,0.047347,0.047347,3,0,0.982393,0.915178,110991
73482,73482,,447,1270691,3,0.84953,0.912054,44.131756,0.042784,0.042784,3,0,0.887819,0.912471,90956
204555,204555,,378,2235515,3,0.76662,0.848401,26.749036,0.036296,0.036296,3,0,0.753306,0.936199,66707
178956,178956,,478,3905657,2,0.894389,0.940959,21.91517,0.046492,0.046492,22,0,0.964471,0.938721,107017
204557,204557,,485,6141697,2,0.904841,0.947417,24.447434,0.047052,0.047052,21,0,0.976118,0.933791,109599
73486,73486,,493,3569780,2,0.91709,0.954797,46.798187,0.047224,0.047224,21,0,0.97988,0.910783,110458
160527,160527,,470,4607056,3,0.881301,0.933272,18.038142,0.045864,0.045864,21,0,0.951454,0.945352,104192
204560,204560,,472,6438918,3,0.884176,0.935117,19.215132,0.046008,0.046008,21,0,0.954423,0.943242,104847
204561,204561,,461,3347911,3,0.86859,0.924969,52.108528,0.044216,0.044216,3,0,0.917525,0.916486,97175
178962,178962,,493,5470460,2,0.91709,0.954797,30.50936,0.047579,0.047579,21,0,0.987124,0.923828,112040
74371,74371,,360,1667362,3,0.747586,0.831796,21.060666,0.034805,0.034805,3,0,0.722304,0.950774,61439
204564,204564,,408,3540708,3,0.800591,0.876076,4.000083,0.040496,0.040496,21,0,0.83986,0.983439,81653
204565,204565,,482,3102251,2,0.900332,0.944649,35.967821,0.046399,0.046399,22,0,0.962675,0.920429,106697
178966,178966,,450,3925814,2,0.85489,0.915129,13.949042,0.044088,0.044088,21,0,0.914498,0.956357,96616
204567,204567,,492,4904689,2,0.915541,0.953875,38.149633,0.047267,0.047267,21,0,0.980725,0.91576,110611
178969,178969,,478,1969502,2,0.894389,0.940959,30.314244,0.04621,0.04621,3,0,0.958696,0.927984,105793
204570,204570,,480,3433049,2,0.897351,0.942804,34.737714,0.046257,0.046257,22,0,0.959722,0.922556,106057
204571,204571,,505,4937007,2,0.936097,0.965867,61.854539,0.047941,0.047941,3,0,0.994865,0.894594,113846
204572,204572,,476,5023531,2,0.891447,0.939114,31.843836,0.04599,0.04599,21,0,0.954134,0.927625,104868
160541,160541,,394,1043234,2,0.785507,0.863469,4.709508,0.038955,0.038955,22,0,0.807912,0.981245,75969
204574,204574,,486,5195464,2,0.906355,0.948339,25.025402,0.047117,0.047117,21,0,0.977482,0.932476,109897
204575,204575,,503,4937369,2,0.932874,0.964022,64.183852,0.047888,0.047888,3,0,0.993725,0.899638,113582
204576,204576,,491,4113328,2,0.913997,0.952952,38.54678,0.047152,0.047152,21,0,0.978336,0.914984,110068
160545,160545,,489,6444256,2,0.910924,0.951107,28.350475,0.047294,0.047294,21,0,0.98117,0.927922,110716
178981,178981,,498,4323839,2,0.924915,0.95941,41.040109,0.047741,0.047741,21,0,0.990586,0.911695,112825
178972,178972,,458,4015797,3,0.864434,0.922202,14.422605,0.04486,0.04486,21,0,0.930571,0.952844,99718
178983,178983,,484,5436194,2,0.903333,0.946494,35.544866,0.046615,0.046615,21,0,0.967148,0.921077,107661
160552,160552,,469,2784926,2,0.881301,0.932657,20.284494,0.045655,0.045655,3,0,0.94712,0.940681,103236
178985,178985,,441,3683827,2,0.842924,0.906827,9.524857,0.043407,0.043407,21,0,0.900296,0.967728,93889
178986,178986,,377,2048331,3,0.765537,0.847478,603.034331,0.035807,0.035807,3,0,0.74324,0.917208,65008
178987,178987,,414,1790683,2,0.808955,0.881919,28.167864,0.039789,0.039789,3,0,0.825776,0.929887,79497
160556,160556,,427,2109807,2,0.824962,0.893911,114.028684,0.040688,0.040688,3,0,0.844508,0.913294,83065
178989,178989,,483,1988909,2,0.90183,0.945572,24.989992,0.046825,0.046825,3,0,0.971445,0.932536,108550
178990,178990,,499,6144183,2,0.926496,0.960332,42.11976,0.047801,0.047801,21,0,0.991826,0.910303,113106
160559,160559,,491,1701067,2,0.913997,0.952952,959.191938,0.045929,0.045929,3,0,0.953267,0.869138,104553
178992,178992,,441,2268214,2,0.842924,0.906827,25.230857,0.04271,0.04271,21,0,0.886031,0.934982,90712
178993,178993,,496,5362878,2,0.921769,0.957565,579.365192,0.047267,0.047267,21,0,0.980782,0.901059,110614
108338,108338,,482,5058244,2,0.900332,0.944649,23.608405,0.046798,0.046798,21,0,0.970836,0.935344,108426
178996,178996,,490,4487048,2,0.912458,0.95203,27.479152,0.047392,0.047392,3,0,0.983218,0.927958,111174
178997,178997,,439,3682268,2,0.84031,0.904982,8.640234,0.043265,0.043265,21,0,0.897346,0.970013,93258
178998,178998,,13,38,3,0.497248,0.50615,0,0.000601,0.000601,18,0,0.012654,1,78
160569,160569,,250,247476,2,0.64988,0.730627,13.051893,0.023211,0.023211,3,0,0.482071,0.913606,28436
160570,160570,,458,3063018,2,0.865815,0.922509,542.257287,0.044046,0.044046,22,0,0.913818,0.921894,96479
73531,73531,,386,2391664,3,0.775393,0.855781,89.391811,0.036838,0.036838,3,0,0.764599,0.923801,68643
74378,74378,,8,23,3,0.489612,0.497847,0,0.000681,0.000681,3,0,0.014172,1,28
197438,197438,,476,1366024,2,0.891447,0.939114,32.551279,0.045942,0.045942,3,0,0.953149,0.925475,104625
112437,112437,,485,4124180,2,0.904841,0.947417,25.965048,0.046979,0.046979,3,0,0.974624,0.930953,109266
160576,160576,,19,102,3,0.500462,0.511993,1.077184,0.000811,0.000811,18,0,0.017095,0.923977,158
178970,178970,,179,644793,3,0.591703,0.661747,202.658682,0.015886,0.015886,3,0,0.330149,0.903647,14396
73540,73540,,0,0,0,0,0,0,0,0,23,19,0,0,0
178895,178895,,425,5842,2,0.822458,0.892066,31.699012,0.040883,0.040883,22,0,0.848245,0.92222,83092
74570,74570,,0,0,0,0,0,0,0,0,24,20,0,0,0
160587,160587,,491,6067999,2,0.913997,0.952952,30.397501,0.047417,0.047417,21,0,0.983746,0.925142,111290
160588,160588,,432,3510629,2,0.831288,0.898524,10.559784,0.042428,0.042428,21,0,0.88001,0.964671,89807
160589,160589,,0,0,0,0,0,0,0,0,25,21,0,0,0
74574,74574,,349,5514,3,0.733424,0.820726,1.231745,0.034548,0.034548,22,0,0.716465,0.993001,60301
160591,160591,,238,395,3,0.637647,0.718327,0.024112,0.023607,0.023607,22,0,0.489547,0.999645,28193
160592,160592,,367,1944124,3,0.754875,0.838253,21.042087,0.035241,0.035241,3,0,0.731411,0.938521,63032
141500,141500,,7,20,3,0.495883,0.501538,0,0.000202,0.000202,18,0,0.004317,1,21
74580,74580,,0,0,0,0,0,0,0,0,26,22,0,0,0
160598,160598,,489,5445920,3,0.909396,0.9508,53.443901,0.046813,0.046813,3,0,0.971375,0.910356,108620
179001,179001,,493,4564939,2,0.91709,0.954797,37.282951,0.047449,0.047449,3,0,0.984476,0.919037,111459
160600,160600,,477,4112706,2,0.892916,0.940037,22.276322,0.046359,0.046359,3,0,0.961731,0.937292,106407
160601,160601,,502,5113276,2,0.931271,0.9631,49.069912,0.047936,0.047936,22,0,0.994682,0.904677,113764
204431,204431,,487,5514962,2,0.907873,0.949262,24.948388,0.047207,0.047207,21,0,0.979354,0.932128,110309
160604,160604,,419,1981827,2,0.815038,0.886531,38.372461,0.040107,0.040107,3,0,0.832408,0.922292,80766
74554,74554,,433,2655650,3,0.831288,0.899139,11.947084,0.04248,0.04248,3,0,0.881183,0.956591,89468
73701,73701,,174,126304,3,0.592998,0.659287,4.356809,0.016192,0.016192,3,0,0.336276,0.94027,14152
204432,204432,,490,5115236,2,0.912458,0.95203,28.627649,0.047379,0.047379,21,0,0.982953,0.927482,111117
161550,161550,,473,5445035,3,0.885621,0.936039,19.628744,0.04607,0.04607,21,0,0.955733,0.941843,105136
160611,160611,,7,21,3,0.495883,0.501538,0,0.000202,0.000202,18,0,0.004317,1,21
204433,204433,,482,6138032,2,0.900332,0.944649,23.821602,0.046789,0.046789,21,0,0.970682,0.934947,108380
160619,160619,,500,4485348,2,0.928082,0.961255,43.06834,0.047846,0.047846,3,0,0.992774,0.908353,113317
137070,137070,,436,3186349,3,0.835131,0.901907,10.338265,0.042919,0.042919,22,0,0.890217,0.964547,91468
73586,73586,,494,3910559,2,0.918644,0.95572,61.920673,0.047037,0.047037,3,0,0.976116,0.900978,109713
178835,178835,,494,4537247,2,0.918644,0.95572,32.777587,0.047601,0.047601,3,0,0.987612,0.921065,112159
66179,66179,,490,3356347,2,0.912458,0.95203,33.141978,0.047273,0.047273,3,0,0.98079,0.92335,110622
109429,109429,,478,5519770,3,0.892916,0.940652,22.224335,0.046442,0.046442,22,0,0.963466,0.936993,106820
160632,160632,,503,4744553,2,0.932874,0.964022,865.686459,0.047288,0.047288,21,0,0.981426,0.877262,110757
178836,178836,,443,2909700,2,0.845554,0.908672,12.317551,0.043503,0.043503,22,0,0.902321,0.962759,94257
160635,160635,,499,3445855,2,0.926496,0.960332,54.495702,0.047564,0.047564,21,0,0.986978,0.901635,112029
160528,160528,,483,3703687,3,0.900332,0.945264,59.638634,0.046209,0.046209,3,0,0.958873,0.909985,105925
160639,160639,,444,1661501,2,0.846875,0.909594,13.211866,0.043533,0.043533,22,0,0.902977,0.958219,94237
160640,160640,,487,5361136,2,0.907873,0.949262,25.746183,0.047179,0.047179,21,0,0.978787,0.931081,110185
160641,160641,,315,1040606,3,0.703896,0.790283,22.531486,0.029899,0.029899,3,0,0.620659,0.919968,45497
160642,160642,,490,5470019,2,0.912458,0.95203,27.840186,0.047383,0.047383,21,0,0.983032,0.927599,111131
146307,146307,,496,3170961,2,0.921769,0.957565,39.758817,0.047601,0.047601,3,0,0.987653,0.913702,112166
73604,73604,,365,1904676,3,0.752778,0.836408,26.565049,0.035007,0.035007,3,0,0.726568,0.936068,62183
160645,160645,,503,5472889,2,0.932874,0.964022,45.36603,0.048053,0.048053,21,0,0.997084,0.905285,114295
160651,160651,,498,4335760,2,0.924915,0.95941,42.513515,0.047725,0.047725,3,0,0.990253,0.911259,112771
178839,178839,,443,1196349,2,0.845554,0.908672,26.290135,0.042875,0.042875,22,0,0.889481,0.933863,91428
160653,160653,,502,2466916,2,0.931271,0.9631,70.627518,0.047627,0.047627,21,0,0.988361,0.893615,112373
135054,135054,,488,5362351,2,0.909396,0.950185,26.511733,0.047253,0.047253,21,0,0.980301,0.930168,110530
160655,160655,,482,4016466,2,0.900332,0.944649,44.127735,0.046499,0.046499,21,0,0.964768,0.923776,107085
150418,150418,,490,3151717,2,0.912458,0.95203,30.26847,0.047311,0.047311,21,0,0.981559,0.924845,110801
74646,74646,,423,1649871,3,0.816265,0.889299,7.537686,0.041799,0.041799,21,0,0.866966,0.972046,86758
160665,160665,,400,1390546,2,0.792398,0.869004,4.150509,0.039625,0.039625,21,0,0.821808,0.982431,78398
160666,160666,,503,4805433,2,0.932874,0.964022,65.893733,0.047786,0.047786,3,0,0.991653,0.896034,113127
93083,93083,,486,6143217,2,0.906355,0.948339,24.464892,0.047143,0.047143,21,0,0.978005,0.93352,110020
160669,160669,,506,5480429,2,0.937716,0.96679,54.754815,0.04813,0.04813,3,0,0.998768,0.897789,114706
74398,74398,,253,611933,2,0.652226,0.733395,18.744583,0.023293,0.023293,3,0,0.483797,0.896073,28565
74655,74655,,475,5373728,3,0.888525,0.937884,20.542839,0.046236,0.046236,21,0,0.959189,0.940537,105881
160673,160673,,477,4729202,2,0.892916,0.940037,22.052933,0.046363,0.046363,21,0,0.961805,0.937653,106448
160674,160674,,444,2459482,2,0.846875,0.909594,25.525127,0.042967,0.042967,3,0,0.891521,0.932697,91727
116379,116379,,485,5155557,2,0.904841,0.947417,25.965048,0.046979,0.046979,21,0,0.974624,0.930953,109266
122158,122158,,402,2730031,3,0.793558,0.870541,4.076567,0.039885,0.039885,21,0,0.827188,0.983176,79245
134812,134812,,379,2145848,3,0.767705,0.849323,28.700949,0.03634,0.03634,3,0,0.754227,0.933492,66867
141537,141537,,0,0,0,0,0,0,0,0,27,23,0,0,0
160558,160558,,483,3170403,2,0.90183,0.945572,24.527004,0.046875,0.046875,3,0,0.97244,0.934589,108789
74056,74056,,11,11,3,0.490054,0.5,0,0.000147,0.000147,14,0,0.00329,1,55
73466,73466,,487,6143256,2,0.907873,0.949262,25.644451,0.047194,0.047194,21,0,0.979069,0.931689,110257
74848,74848,,454,3213107,3,0.858954,0.918512,109.554011,0.043796,0.043796,3,0,0.908743,0.926394,95262
74433,74433,,11,11,3,0.490054,0.5,0,0.000147,0.000147,14,0,0.00329,1,55
178977,178977,,496,5153445,2,0.921769,0.957565,41.149697,0.047536,0.047536,21,0,0.986317,0.911168,111855
141472,141472,,5,12,3,0.486099,0.493542,0,0.000211,0.000211,22,0,0.004455,1,10
74571,74571,,469,2109225,2,0.881301,0.932657,45.993121,0.044848,0.044848,3,0,0.930695,0.910448,99918
92102,92102,,488,5413364,2,0.909396,0.950185,26.511733,0.047253,0.047253,22,0,0.980301,0.930168,110530
73674,73674,,7,14,3,0.495883,0.501538,0,0.000202,0.000202,18,0,0.004317,1,21
204476,204476,,493,4488315,2,0.91709,0.954797,41.866696,0.047298,0.047298,21,0,0.981386,0.913274,110760
160531,160531,,405,2703700,3,0.797059,0.873309,15.924786,0.03952,0.03952,3,0,0.819933,0.951253,77822
205476,205476,,486,4390290,2,0.906355,0.948339,27.988545,0.047022,0.047022,3,0,0.975548,0.928751,109458
73696,73696,,497,4018458,2,0.923339,0.958487,53.831534,0.047635,0.047635,21,0,0.98839,0.911444,112341
133968,133968,,355,1498693,3,0.732432,0.824108,18.397181,0.034219,0.034219,3,0,0.710058,0.928304,58330
124411,124411,,2,2,3,0.449047,0.463407,0,0.000086,0.000086,18,0,0.001821,1,1
209189,209189,,244,1074,2,0.645238,0.725092,17.125529,0.02247,0.02247,3,0,0.466722,0.901369,26722
204442,204442,,446,3772240,2,0.84953,0.911439,12.060599,0.043775,0.043775,22,0,0.907973,0.961606,95425
75431,75431,,237,1038687,3,0.631702,0.715252,0,0.023661,0.023661,22,0,0.490686,1,27966
74749,74749,,499,5515857,2,0.926496,0.960332,41.805026,0.0478,0.0478,21,0,0.991812,0.910303,113106
151208,151208,,493,4859187,2,0.91709,0.954797,39.718268,0.047309,0.047309,21,0,0.981606,0.913628,110803
67138,67138,,449,1825411,2,0.853543,0.914207,24.939631,0.043586,0.043586,3,0,0.904277,0.936695,94209
178903,178903,,7,22,3,0.495883,0.501538,0,0.000202,0.000202,18,0,0.004317,1,21
160758,160758,,497,3127953,2,0.923339,0.958487,812.584231,0.047144,0.047144,3,0,0.978311,0.893028,110071
178857,178857,,366,664601,2,0.754875,0.837638,34.269141,0.034623,0.034623,3,0,0.718732,0.906191,60529
73556,73556,,5,5,1,1,1,0,0,0,16,8,0.000114,1,10
178945,178945,,479,4934279,2,0.895868,0.941882,20.967425,0.04663,0.04663,21,0,0.967345,0.940392,107657
204458,204458,,458,4337059,2,0.865815,0.922509,16.926518,0.044727,0.044727,22,0,0.927786,0.949987,99419
